lName,fName,mName,11001000,6016426593999940    ,e
Washington,George, ,11001001,6016426592793860    ,e
Adams,John, ,11001002,6016426594005460    ,e
Thomas,Jefferson, ,11001003,6016426593900150    ,e
Madison,James, ,11001004,6016426594010230    ,e
Monroe,James, ,11001005,6016426593904910    ,e
Adams,John,Quincy,11001006,6016426594022880    ,e
Jackson,Andrew, ,11001007,6016430000000000    ,e
Bruen,Martin,Van,11001008,6016426593878970    ,e
Harrion,William,Henry,11001009,6016426593013290    ,e
Tylr,John, ,11001010,6016426593905410    ,e
Polk,James,K.,11001011,6016426594053760    ,e
Taylor,Zachary, ,11001012,6016426593960200    ,e
Fillmore,Milard, ,11001013,6016426594027790    ,e
Pierce,Franklin, ,11001014,6016426593886890    ,e
James,Buchanan, ,11001015,6016426593909900    ,e
Lincoln,Abraham, ,11001016,6016426594115100    ,e
Jackson,Andrew, ,11001017,6016426593905610    ,e
Grant,Ulysses,S.,11001018,6016426593639040    ,e
Hayes,Rutherford,B.,11001019,6016426593876180    ,e
Garfield,James,A.,11001020,6016426592994230    ,e
Arthur,Chester,A.,11001021,6016426593077030    ,e
Cleveland,Grover, ,11001022,6016426593027330    ,e
Harrison,Benjamin, ,11001023,6016426593583280    ,e
Grover,Cleveland, ,11001024,6016426593887940    ,e
McKinley,William, ,11001025,6016426593977870    ,e
Roosevelt,Theodore, ,11001026,6016426593905790    ,e
Taft,William,Howard,11001027,6016426593989010    ,e
Wilson,Woodrow, ,11001028,6016426593902000    ,e
Harding,Warren,G.,11001029,6016426593933590    ,e
Coolidge,Calvin, ,11001030,6016426593906800    ,e
Hoover,Herbert, ,11001031,6016426593449850    ,e
Roosevelt,Franklin,D.,11001032,6016426592840250    ,e
Truman,Harry,S.,11001033,6016426594034100    ,e
Eisnhower,Dwight,D.,11001034,6016426592906950    ,e
Kennedy,John,F.,11001035,6016426592932760    ,e
Johnson,Lyndon,B.,11001036,6016426593907070    ,e
Nixon,Richard, ,11001037,6016426593878500    ,e
Ford,Gerald, ,11001038,6016426592951840    ,e
Carter,Jimmy, ,11001039,6016430000000000    ,e
Reagan,Ronald, ,11001040,6016426593027920    ,e
Bush,George,H. W.,11001041,T01683578,e
Clinton,Bill, ,11001042,6016426593994800    ,e
Bush,George,W.,11001043,6016426593907310    ,e
Obama,Barack,,11001044,6016426593998490    ,e
Trump,Donald, ,11001045,6016426594000400    ,e
